Course_Code,CATs,DAs,FAT,score(%)
bec13,45:50,9:9:9,99,95.10000000000001
phy,50:0,10:10:10,100,85.00000000000001
